{"cameraMode":{"drawMode":0,"name":"Shaded","section":"Shading Mode"},"sceneLighting":false,"audioPlay":false,"sceneViewState":{"m_AlwaysRefresh":false,"showFog":true,"showSkybox":true,"showFlares":true,"showImageEffects":true,"showParticleSystems":true,"showVisualEffectGraphs":true,"m_FxEnabled":true},"in2DMode":false,"pivot":{"x":-3.005260705947876,"y":-18.350414276123048,"z":25.52098846435547},"rotation":{"x":0.15127037465572358,"y":-0.09009416401386261,"z":0.013951078057289124,"w":0.9849488735198975},"size":44.03435134887695,"orthographic":false}